Order ID,Order Date,Book ID,Quantity,Unit Price,Total Amount
1001,05-01-2023,201,2,450,900
1002,10-01-2023,202,1,380,380
1003,15-01-2023,203,3,420,1260
1004,01-02-2023,204,1,370,370
1005,05-02-2023,201,2,430,860
1006,10-02-2023,205,1,390,390
1007,15-02-2023,206,2,410,820
1008,01-03-2023,207,1,375,375
1009,05-03-2023,208,3,440,1320
1010,10-03-2023,209,1,365,365
1011,15-03-2023,210,2,420,840
1012,01-04-2023,211,1,400,400
1013,05-04-2023,212,2,375,750
1014,10-04-2023,213,1,390,390
1015,15-04-2023,214,3,415,1245
1016,01-05-2023,215,1,385,385
1017,05-05-2023,216,2,410,820
1018,10-05-2023,217,1,395,395
1019,15-05-2023,218,2,400,800
1020,01-06-2023,219,1,375,375
1021,05-06-2023,220,3,430,1290
1022,10-06-2023,221,1,380,380
1023,01-07-2023,222,2,415,830
1024,05-07-2023,223,1,395,395
1025,10-07-2023,224,2,400,800
1026,15-07-2023,225,1,375,375
1027,01-08-2023,226,3,440,1320
1028,05-08-2023,227,1,370,370
1029,10-08-2023,228,2,385,770
1030,15-08-2023,229,1,400,400
